Greenbush,Accomack
Jenkins Bridge,Accomack
Onancock,Accomack
Charlottesville,Albemarle
Esmont,Albemarle
Greenwood,Albemarle
Clifford,Amherst
Spout Spring,Appomattox
Churchville,Augusta
New Hope,Augusta
Moneta,Bedford
Forest,Bedford
Roanoke,Botetourt
Cloverdale,Botetourt
Daleville,Botetourt
Gasburg,Brunswick
Meredithville,Brunswick
Valentines,Brunswick
White Plains,Brunswick
Davenport,Buchanan
Oakwood,Buchanan
Altavista,Campbell
Lynch Station,Campbell
Ladysmith,Caroline
Cana,Carroll
Richmond,Chesterfield
Chester,Chesterfield
Stevensburg,Culpeper
Cartersville,Cumberland
Church Road,Dinwiddie
Annandale,Fairfax
Dunn Loring,Fairfax
Fairfax,Fairfax
Fairfax Station,Fairfax
Greenway,Fairfax
Lorton,Fairfax
Mc Lean,Fairfax
Springfield,Fairfax
Springfield,Fairfax
Alexandria,Fairfax
Alexandria,Fairfax
Hume,Fauquier
Markham,Fauquier
Somerville,Fauquier
Floyd,Floyd
Palmyra,Fluvanna
Penhook,Franklin
Rocky Mount,Franklin
Gore,Frederick
Ark,Gloucester
Ordinary,Gloucester
Crozier,Goochland
Goochland,Goochland
Stanardsville,Greene
Skippers,Greensville
Glen Allen,Hanover
Richmond,Henrico
Blue Grass,Highland
Smithfield,Isle of Wight
Jamestown,James City
Jersey,King George
Rose Hill,Lee
Dulles,Loudoun
Middleburg,Loudoun
Paeonian Springs,Loudoun
Ashburn,Loudoun
Ashburn,Loudoun
Leesburg,Loudoun
Mineral,Louisa
Aroda,Madison
Madison,Madison
Bohannon,Mathews
Boydton,Mecklenburg
Hartfield,Middlesex
Roanoke,Montgomery
Blacksburg,Montgomery
Barhamsville,New Kent
Lottsburg,Northumberland
Burr Hill,Orange
Unionville,Orange
Patrick Springs,Patrick
Blairs,Pittsylvania
Farmville,Prince Edward
Fort Lee,Prince George
Catharpin,Prince William
Woodbridge,Prince William
Vinton,Roanoke
Goshen,Rockbridge
Rockbridge Baths,Rockbridge
Bergton,Rockingham
Timberville,Rockingham
Gate City,Scott
Boykins,Southampton
Claremont,Surry
Hague,Westmoreland
Bristol,Bristol (city)
Charlottesville,Charlottesville (city)
Chesapeake,Chesapeake (city)
Chesapeake,Chesapeake (city)
Fairfax,Fairfax (city)
Hampton,Hampton (city)
Hampton,Hampton (city)
Harrisonburg,City of Harrisonburg
Manassas,Manassas Park (city)
Martinsville,Martinsville (city)
Newport News,Newport News (city)
Newport News,Newport News (city)
Norfolk,Norfolk (city)
Richmond,City of Richmond
Richmond,City of Richmond
Richmond,City of Richmond
Richmond,City of Richmond
Richmond,City of Richmond
Roanoke,Roanoke (city)
Roanoke,Roanoke (city)
Roanoke,Roanoke (city)
Roanoke,Roanoke (city)
Virginia Beach,Virginia Beach (city)
